{
  "selection_rule": "rank unique leaders by minimum old train/val/test pnl then old total; require forward pnl positive and 15-35 trades/day; cost 2x",
  "models": [
    {
      "name": "XLC_volz_follow_w36_q0.55_ny_h30_cost2.0",
      "leader": "XLC",
      "feature": "volz",
      "mode": "follow",
      "window": 36,
      "quantile": 0.55,
      "threshold": 0.5881717943295213,
      "session": "ny",
      "horizon": 30,
      "cost": 2.0,
      "train": {
        "trades": 486,
        "tpd": 16.780721736002878,
        "pnl": 1824.2370479942538,
        "wr": 0.5185185185185185,
        "pf": 1.2772647361502676,
        "sh": 1.694201637829217,
        "dd": 2105.716132292891
      },
      "val": {
        "trades": 243,
        "tpd": 17.33994053518335,
        "pnl": 1471.5780400476842,
        "wr": 0.5967078189300411,
        "pf": 1.6919226225151307,
        "sh": 2.5409061437791993,
        "dd": 867.4484353451367
      },
      "old_test": {
        "trades": 244,
        "tpd": 17.291338582677167,
        "pnl": 1661.8024497216174,
        "wr": 0.5737704918032787,
        "pf": 1.796586574200571,
        "sh": 3.19617862533486,
        "dd": 805.2199286435439
      },
      "forward": {
        "trades": 671,
        "tpd": 25.790471106365942,
        "pnl": 1999.0217751163561,
        "wr": 0.5439642324888226,
        "pf": 1.2621213805891838,
        "sh": 1.9268677625733537,
        "dd": 3063.96625833498
      },
      "_old_total": 4957.617537763555,
      "_min_old": 1471.5780400476842
    },
    {
      "name": "XLV_volz_follow_w48_q0.65_ny_h24_cost2.0",
      "leader": "XLV",
      "feature": "volz",
      "mode": "follow",
      "window": 48,
      "quantile": 0.65,
      "threshold": 0.6473783968490032,
      "session": "ny",
      "horizon": 24,
      "cost": 2.0,
      "train": {
        "trades": 545,
        "tpd": 16.397826995403257,
        "pnl": 1863.1220055908557,
        "wr": 0.5027522935779817,
        "pf": 1.3570597524654195,
        "sh": 2.4245049196304733,
        "dd": 1905.3011543630646
      },
      "val": {
        "trades": 272,
        "tpd": 19.476877175534558,
        "pnl": 1955.2283799432669,
        "wr": 0.5661764705882353,
        "pf": 2.4378504237719314,
        "sh": 5.061500979210234,
        "dd": 487.07295741723186
      },
      "old_test": {
        "trades": 273,
        "tpd": 27.205536332179932,
        "pnl": 1414.8264261306815,
        "wr": 0.6153846153846154,
        "pf": 2.176398808543752,
        "sh": 5.1223242662368556,
        "dd": 575.265576744433
      },
      "forward": {
        "trades": 720,
        "tpd": 27.618540223761322,
        "pnl": 3697.071252617156,
        "wr": 0.5597222222222222,
        "pf": 1.8633485829229206,
        "sh": 5.554425623516805,
        "dd": 1885.0124409558546
      },
      "_old_total": 5233.176811664804,
      "_min_old": 1414.8264261306815
    },
    {
      "name": "DX-Y.NYB_volz_fade_w36_q0.85_all_h30_cost2.0",
      "leader": "DX-Y.NYB",
      "feature": "volz",
      "mode": "fade",
      "window": 36,
      "quantile": 0.85,
      "threshold": 1.3116746962844497,
      "session": "all",
      "horizon": 30,
      "cost": 2.0,
      "train": {
        "trades": 471,
        "tpd": 21.211571540265833,
        "pnl": 1837.4012013297706,
        "wr": 0.5498938428874734,
        "pf": 1.5072268261576711,
        "sh": 3.3727908020740034,
        "dd": 866.063734592432
      },
      "val": {
        "trades": 235,
        "tpd": 20.453309156844966,
        "pnl": 1411.8031256554898,
        "wr": 0.6,
        "pf": 2.5776949428767124,
        "sh": 4.896051254010927,
        "dd": 197.70340783083768
      },
      "old_test": {
        "trades": 236,
        "tpd": 23.047812817904372,
        "pnl": 1785.6203691639002,
        "wr": 0.6949152542372882,
        "pf": 2.8418324102314014,
        "sh": 6.2999798729034096,
        "dd": 354.5446532123433
      },
      "forward": {
        "trades": 784,
        "tpd": 30.25485729599357,
        "pnl": 1795.0796930284732,
        "wr": 0.49744897959183676,
        "pf": 1.302015007347854,
        "sh": 2.639925279605981,
        "dd": 2250.0303611444024
      },
      "_old_total": 5034.82469614916,
      "_min_old": 1411.8031256554898
    },
    {
      "name": "IEF_divergence_follow_w24_q0.55_ny_h30_cost2.0",
      "leader": "IEF",
      "feature": "divergence",
      "mode": "follow",
      "window": 24,
      "quantile": 0.55,
      "threshold": 0.5422823565118492,
      "session": "ny",
      "horizon": 30,
      "cost": 2.0,
      "train": {
        "trades": 537,
        "tpd": 15.348947995236204,
        "pnl": 1039.0331806272593,
        "wr": 0.5810055865921788,
        "pf": 1.1228396556815,
        "sh": 0.7923741974625865,
        "dd": 4152.683807855664
      },
      "val": {
        "trades": 268,
        "tpd": 20.815533980582526,
        "pnl": 1186.6089224623463,
        "wr": 0.664179104477612,
        "pf": 1.447092038182649,
        "sh": 2.120256159050936,
        "dd": 1023.727877791101
      },
      "old_test": {
        "trades": 269,
        "tpd": 29.854335260115608,
        "pnl": 1021.7802750170739,
        "wr": 0.587360594795539,
        "pf": 1.6180201966992738,
        "sh": 2.9140485810442405,
        "dd": 743.0864328270958
      },
      "forward": {
        "trades": 761,
        "tpd": 29.257509010812974,
        "pnl": 243.77586264243917,
        "wr": 0.5269382391590013,
        "pf": 1.0288406641802286,
        "sh": 0.2585160631665268,
        "dd": 4464.931572067536
      },
      "_old_total": 3247.4223781066794,
      "_min_old": 1021.7802750170739
    },
    {
      "name": "XLF_volz_fade_w48_q0.55_london_h30_cost2.0",
      "leader": "XLF",
      "feature": "volz",
      "mode": "fade",
      "window": 48,
      "quantile": 0.55,
      "threshold": 0.6421895358421014,
      "session": "london",
      "horizon": 30,
      "cost": 2.0,
      "train": {
        "trades": 545,
        "tpd": 18.85631907736665,
        "pnl": 3872.64663826866,
        "wr": 0.618348623853211,
        "pf": 1.9118699528859766,
        "sh": 5.136407928163952,
        "dd": 1686.3099752324238
      },
      "val": {
        "trades": 273,
        "tpd": 18.22108922363847,
        "pnl": 833.9638460821542,
        "wr": 0.5421245421245421,
        "pf": 1.3912324961867162,
        "sh": 2.2287775894147015,
        "dd": 998.5950177295958
      },
      "old_test": {
        "trades": 273,
        "tpd": 19.51451973194341,
        "pnl": 820.0899017936576,
        "wr": 0.5604395604395604,
        "pf": 1.6411794676382403,
        "sh": 3.150988772280273,
        "dd": 461.52270621057096
      },
      "forward": {
        "trades": 578,
        "tpd": 26.018130665833073,
        "pnl": 3787.6669044616337,
        "wr": 0.5380622837370242,
        "pf": 1.966385544148137,
        "sh": 6.075779536849965,
        "dd": 1181.3717542021986
      },
      "_old_total": 5526.700386144472,
      "_min_old": 820.0899017936576
    },
    {
      "name": "UNG_volz_follow_w48_q0.75_all_h18_cost2.0",
      "leader": "UNG",
      "feature": "volz",
      "mode": "follow",
      "window": 48,
      "quantile": 0.75,
      "threshold": 1.0768921385433976,
      "session": "all",
      "horizon": 18,
      "cost": 2.0,
      "train": {
        "trades": 564,
        "tpd": 18.86988847583643,
        "pnl": 3621.604194098344,
        "wr": 0.49645390070921985,
        "pf": 1.631041172601611,
        "sh": 2.6531103150280306,
        "dd": 1552.34856205221
      },
      "val": {
        "trades": 282,
        "tpd": 23.740426775796553,
        "pnl": 1076.431397926631,
        "wr": 0.5390070921985816,
        "pf": 1.7231319058869894,
        "sh": 2.874483076419177,
        "dd": 597.5760277728889
      },
      "old_test": {
        "trades": 282,
        "tpd": 17.6710182767624,
        "pnl": 747.1307382709114,
        "wr": 0.549645390070922,